Workbook

Sheet Tableau de bord
B2: TABLEAU DE BORD INSPECTION ITV ASF
B4: Total ML inspectés | C4: =SUM(Inspections!I:I) -> 2894
B5: Nombre interventions | C5: =COUNTA(Inspections!B:B)-1 -> 10
B6: Total regards | C6: =SUM(Inspections!J:J) -> 60
B7: Total heures | C7: =SUM(Inspections!M:M) -> 44.75
B8: ML/h | C8: =C4/C7 -> 64.670391
B9: ML/Interventions | C9: =C4/C5 -> 289.4
B10: Nombre anomalies | C10: =COUNTA('Rapport d''Inspections'!A:A)-1 -> 10
B11: Nombre incidents | C11: =COUNTA(Incidents!A:A)-1 -> 2

Sheet Inspections
A1: N° Inspection | B1: Date | C1: Jour/Nuit | D1: ID | E1: Autoroute | F1: Secteur | G1: PK Départ | H1: PK Arrivée | I1: ML Inspectés | J1: Nb Regards | K1: Heure Début | L1: Heure Fin | M1: Heures Totales | N1: ML/h | O1: Opérateur | P1: Coéquipier | Q1: Météo | R1: Observations
A2: 1 | B2: 46175 | C2: Nuit | E2: A64 | F2: Midi Toulousain | G2: 285.995 | H2: 286.548 | I2: =(H2-G2)*1000 -> 553 | J2: 15 | K2: 0.89583333 | L2: 0.14583333 | M2: =IF(L2<K2,(L2+1-K2)*24,(L2-K2)*24) -> 6 | N2: =IF(M2>0,I2/M2,0) -> 92.166667 | O2: Dylan H. | P2: Dylan P. | Q2: Nuageux | R2: /
A3: =A2+1 -> 2 | B3: 46176 | C3: Nuit | E3: A64 | F3: Midi Toulousain | G3: 282.549 | H3: 282.836 | I3: =(H3-G3)*1000 -> 287 | J3: 8 | K3: 0.020833333 | L3: 0.1875 | M3: =IF(L3<K3,(L3+1-K3)*24,(L3-K3)*24) -> 4 | N3: =IF(M3>0,I3/M3,0) -> 71.75 | O3: Dylan H. | P3: Dylan P. | Q3: Nuageux | R3: /
A4: =A3+1 -> 3 | B4: 46188 | C4: Nuit | E4: A68 | F4: Midi Toulousain | G4: 13.359 | H4: 13.587 | I4: =(H4-G4)*1000 -> 228 | J4: 13 | K4: 0.010416667 | L4: 0.16666667 | M4: =IF(L4<K4,(L4+1-K4)*24,(L4-K4)*24) -> 3.75 | N4: =IF(M4>0,I4/M4,0) -> 60.8 | O4: Hugo D. | P4: Exaucé | Q4: Beau | R4: /
A5: =A4+1 -> 4 | B5: 46189 | C5: Nuit | E5: A68 | F5: Midi Toulousain | G5: 22.512 | H5: 22.912 | I5: =(H5-G5)*1000 -> 400 | J5: 10 | K5: 0.96875 | L5: 0.083333333 | M5: =IF(L5<K5,(L5+1-K5)*24,(L5-K5)*24) -> 2.75 | N5: =IF(M5>0,I5/M5,0) -> 145.45455 | O5: Hugo D. | P5: Exaucé | Q5: Beau | R5: /
A6: =A5+1 -> 5 | B6: 46195 | C6: Nuit | E6: A62 | F6: Garonne | G6: 11.3 | H6: 11.621 | I6: =(H6-G6)*1000 -> 321 | J6: 3 | K6: 0.91666667 | L6: 0.20833333 | M6: =IF(L6<K6,(L6+1-K6)*24,(L6-K6)*24) -> 7 | N6: =IF(M6>0,I6/M6,0) -> 45.857143 | O6: Dylan H. | P6: Ludovic B. | Q6: Beau | R6: /
A7: =A6+1 -> 6 | B7: 46196 | C7: Nuit | E7: A62 | F7: Garonne | G7: 11.621 | H7: 11.96 | I7: =(H7-G7)*1000 -> 339 | J7: 3 | K7: 0.9375 | L7: 0.19791667 | M7: =IF(L7<K7,(L7+1-K7)*24,(L7-K7)*24) -> 6.25 | N7: =IF(M7>0,I7/M7,0) -> 54.24 | O7: Dylan H. | P7: Ludovic B. | Q7: Beau | R7: /
A8: =A7+1 -> 7 | B8: 46197 | C8: Nuit | E8: A62 | F8: Garonne | G8: 11.96 | H8: 12.2 | I8: =(H8-G8)*1000 -> 240 | J8: 2 | K8: 0.90625 | L8: 0.125 | M8: =IF(L8<K8,(L8+1-K8)*24,(L8-K8)*24) -> 5.25 | N8: =IF(M8>0,I8/M8,0) -> 45.714286 | O8: Dylan H. | P8: Ludovic B. | Q8: Beau | R8: /
A9: =A8+1 -> 8 | B9: 46198 | C9: Nuit | E9: A62 | F9: Garonne | G9: 12.05 | H9: 12.2 | I9: =(H9-G9)*1000 -> 150 | J9: 2 | K9: 0.9375 | L9: 0.072916667 | M9: =IF(L9<K9,(L9+1-K9)*24,(L9-K9)*24) -> 3.25 | N9: =IF(M9>0,I9/M9,0) -> 46.153846 | O9: Dylan H. | P9: Ludovic B. | Q9: Pluvieux | R9: /
A10: =A9+1 -> 9 | B10: 46225 | C10: Jour | D10: 65666 | E10: A62 | F10: Garonne | G10: 70.9 | H10: 71.224 | I10: =(H10-G10)*1000 -> 324 | J10: 2 | K10: 0.35416667 | L10: 0.54166667 | M10: =IF(L10<K10,(L10+1-K10)*24,(L10-K10)*24) -> 4.5 | N10: =IF(M10>0,I10/M10,0) -> 72 | O10: Dylan H. | P10: Ludovic B. | Q10: Beau | R10: /
A11: =A10+1 -> 10 | B11: 46231 | C11: Jour | D11: 21764 | E11: A61 | F11: Midi Toulousain | G11: 244.754 | H11: 244.806 | I11: =(H11-G11)*1000 -> 52 | J11: 2 | K11: 0.33333333 | L11: 0.41666667 | M11: =IF(L11<K11,(L11+1-K11)*24,(L11-K11)*24) -> 2 | N11: =IF(M11>0,I11/M11,0) -> 26 | O11: Dylan H. | P11: Ludovic B. | Q11: Beau | R11: /
A12: =A11+1 -> 11 | I12: =(H12-G12)*1000 -> 0 | M12: =IF(L12<K12,(L12+1-K12)*24,(L12-K12)*24) -> 0 | N12: =IF(M12>0,I12/M12,0) -> 0
A13: =A12+1 -> 12 | I13: =(H13-G13)*1000 -> 0 | M13: =IF(L13<K13,(L13+1-K13)*24,(L13-K13)*24) -> 0 | N13: =IF(M13>0,I13/M13,0) -> 0
A14: =A13+1 -> 13 | I14: =(H14-G14)*1000 -> 0 | M14: =IF(L14<K14,(L14+1-K14)*24,(L14-K14)*24) -> 0 | N14: =IF(M14>0,I14/M14,0) -> 0
A15: =A14+1 -> 14 | I15: =(H15-G15)*1000 -> 0 | M15: =IF(L15<K15,(L15+1-K15)*24,(L15-K15)*24) -> 0 | N15: =IF(M15>0,I15/M15,0) -> 0
A16: =A15+1 -> 15 | I16: =(H16-G16)*1000 -> 0 | M16: =IF(L16<K16,(L16+1-K16)*24,(L16-K16)*24) -> 0 | N16: =IF(M16>0,I16/M16,0) -> 0
A17: =A16+1 -> 16 | I17: =(H17-G17)*1000 -> 0 | M17: =IF(L17<K17,(L17+1-K17)*24,(L17-K17)*24) -> 0 | N17: =IF(M17>0,I17/M17,0) -> 0
A18: =A17+1 -> 17 | I18: =(H18-G18)*1000 -> 0 | M18: =IF(L18<K18,(L18+1-K18)*24,(L18-K18)*24) -> 0 | N18: =IF(M18>0,I18/M18,0) -> 0
A19: =A18+1 -> 18 | I19: =(H19-G19)*1000 -> 0 | M19: =IF(L19<K19,(L19+1-K19)*24,(L19-K19)*24) -> 0 | N19: =IF(M19>0,I19/M19,0) -> 0
A20: =A19+1 -> 19 | I20: =(H20-G20)*1000 -> 0 | M20: =IF(L20<K20,(L20+1-K20)*24,(L20-K20)*24) -> 0 | N20: =IF(M20>0,I20/M20,0) -> 0
A21: =A20+1 -> 20 | I21: =(H21-G21)*1000 -> 0 | M21: =IF(L21<K21,(L21+1-K21)*24,(L21-K21)*24) -> 0 | N21: =IF(M21>0,I21/M21,0) -> 0
A22: =A21+1 -> 21 | I22: =(H22-G22)*1000 -> 0 | M22: =IF(L22<K22,(L22+1-K22)*24,(L22-K22)*24) -> 0 | N22: =IF(M22>0,I22/M22,0) -> 0
A23: =A22+1 -> 22 | I23: =(H23-G23)*1000 -> 0 | M23: =IF(L23<K23,(L23+1-K23)*24,(L23-K23)*24) -> 0 | N23: =IF(M23>0,I23/M23,0) -> 0
... A1000: =A999+1 -> 999 | I1000: =(H1000-G1000)*1000 -> 0 | M1000: =IF(L1000<K1000,(L1000+1-K1000)*24,(L1000-K1000)*24) -> 0 | N1000: =IF(M1000>0,I1000/M1000,0) -> 0
I1001: =(H1001-G1001)*1000 -> 0 | M1001: =IF(L1001<K1001,(L1001+1-K1001)*24,(L1001-K1001)*24) -> 0 | N1001: =IF(M1001>0,I1001/M1001,0) -> 0
I1002: =(H1002-G1002)*1000 -> 0 | M1002: =IF(L1002<K1002,(L1002+1-K1002)*24,(L1002-K1002)*24) -> 0 | N1002: =IF(M1002>0,I1002/M1002,0) -> 0
I1003: =(H1003-G1003)*1000 -> 0 | M1003: =IF(L1003<K1003,(L1003+1-K1003)*24,(L1003-K1003)*24) -> 0 | N1003: =IF(M1003>0,I1003/M1003,0) -> 0
I1004: =(H1004-G1004)*1000 -> 0 | M1004: =IF(L1004<K1004,(L1004+1-K1004)*24,(L1004-K1004)*24) -> 0 | N1004: =IF(M1004>0,I1004/M1004,0) -> 0

Sheet Rapport d'Inspections
A1: Date | B1: Identifiant | C1: N° Inspection | D1: Prestataire | E1: Inspecteur | F1: Autoroute | G1: Type | H1: Secteur | I1: Sens | J1: Emplacement | K1: Type de matériau | L1: Latitude | M1: Longitude | N1: Lien Maps | O1: Si objet à requalifié | P1: Etat général des cunettes | Q1: Type | R1: Urgence | S1: Description | T1: Photo | U1: Statut
A2: 46175 | B2: 30747 | C2: 1 | D2: Bovo & Fils | E2: Dylan H. | F2: A64 | G2: OH | H2: Midi Toulousain | I2: Muret > Toulouse | J2: / | K2: Béton | L2: / | M2: / | N2: / | O2: Non | P2: Pas de défauts | Q2: / | R2: Aucune | S2: / | T2: / | U2: En service
A3: 46176 | B3: 15361 | C3: 2 | D3: Bovo & Fils | E3: Dylan H. | F3: A64 | G3: CA | H3: Midi Toulousain | I3: Toulouse > Muret | J3: / | K3: Béton | L3: / | M3: / | N3: / | O3: Non | P3: Pas de défauts | Q3: / | R3: Aucune | S3: / | T3: / | U3: En service
A4: 46188 | B4: 61849 | C4: 3 | D4: Bovo & Fils | E4: Hugo D. | F4: A68 | G4: OH | H4: Midi Toulousain | K4: Béton | U4: En service
A5: 46189 | B5: 61842 | C5: 4 | D5: Bovo & Fils | E5: Hugo D. | F5: A68 | G5: OH | H5: Midi Toulousain | K5: Béton | U5: En service
A6: 46195 | B6: 43854 | C6: 5 | D6: Bovo & Fils | E6: Dylan H. | F6: A62 | G6: CA | H6: Garonne | I6: Bx > Toulouse | J6: 11.526 | K6: Béton | L6: 44°40'51.8"N | M6: 0°29'17.6"W | N6: https://maps.app.goo.gl/o18iBEdgzb7W2bdY9?g_st=ic | O6: Caniveau a fente | P6: Non évolutif | Q6: Déformation du Radier | R6: Moindre | S6: Le défaut n'afflue que pour les inspections | T6: / | U6: En service
A7: 46196 | B7: 43854 | C7: 6 | D7: Bovo & Fils | E7: Dylan H. | F7: A62 | G7: CA | H7: Garonne | I7: Bx > Toulouse | J7: / | K7: Béton | L7: / | M7: / | N7: / | O7: Non | P7: Pas de défauts | Q7: / | R7: Aucune | S7: / | U7: En service
A8: 46197 | B8: 43854 | C8: 7 | D8: Bovo & Fils | E8: Dylan H. | F8: A62 | G8: CA | H8: Garonne | I8: Bx > Toulouse | J8: / | K8: Béton | L8: / | M8: / | N8: / | O8: Non | P8: Pas de défauts | Q8: / | R8: Aucune | S8: / | T8: / | U8: En service
A9: 46198 | B9: 43852 | C9: 8 | D9: Bovo & Fils | E9: Dylan H. | F9: A62 | G9: CA | H9: Garonne | I9: Toulouse > Bx | J9: / | K9: Béton | L9: / | M9: / | N9: / | O9: Non | P9: Pas de défauts | Q9: / | R9: Aucune | S9: / | T9: / | U9: En service
A10: 46225 | B10: 65666 | C10: =C9+1 -> 9 | D10: Bovo & Fils | E10: Dylan H. | F10: A62 | G10: CA | H10: Garonne | I10: Toulouse > La Brède | J10: / | K10: Béton | L10: / | M10: / | N10: / | O10: Non | P10: Pas de défauts | Q10: / | R10: Aucune | S10: / | T10: / | U10: En service
A11: 46231 | B11: 21764 | C11: =C10+1 -> 10 | D11: Bovo & Fils | E11: Dylan H. | F11: A61 | G11: CA | H11: Midi Toulousain | I11: Villefranche de Lauragais > Toulouse | J11: / | K11: Béton | L11: / | M11: / | N11: / | O11: Non | P11: Pas de défauts | Q11: / | R11: Aucune | S11: / | T11: / | U11: En service
C12: =C11+1 -> 11 | D12: Bovo & Fils | U12: En service
C13: =C12+1 -> 12 | D13: Bovo & Fils | U13: En service
C14: =C13+1 -> 13 | D14: Bovo & Fils | U14: En service
C15: =C14+1 -> 14 | D15: Bovo & Fils | U15: En service
C16: =C15+1 -> 15 | D16: Bovo & Fils | U16: En service
C17: =C16+1 -> 16 | D17: Bovo & Fils | U17: En service
C18: =C17+1 -> 17 | D18: Bovo & Fils | U18: En service
C19: =C18+1 -> 18 | D19: Bovo & Fils | U19: En service
C20: =C19+1 -> 19 | D20: Bovo & Fils | U20: En service
C21: =C20+1 -> 20 | D21: Bovo & Fils | U21: En service
C22: =C21+1 -> 21 | D22: Bovo & Fils | U22: En service
C23: =C22+1 -> 22 | D23: Bovo & Fils | U23: En service
... C42: =C41+1 -> 41 | D42: Bovo & Fils | U42: En service
U43: En service
U44: En service
U45: En service
U46: En service
U47: En service
U48: En service
U49: En service
U50: En service
U51: En service
U52: En service
U53: En service
U54: En service
... U103: En service

Sheet Incidents
A1: Date | B1: Autoroute | C1: PK | D1: Type Incident | E1: Description | F1: Impact | G1: Action prise
A2: 46195 | B2: A62 | C2: 11.556 | D2: Caméra n'avance plus | E2: Bas du radier déformer | F2: Aucun | G2: Décalé le chariot
A3: 46197 | B3: A62 | C3: 12.2 | D3: Recycleur plein | E3: Benne du recycleur plein de sable | F3: Arrêt du chantier | G3: Rentrer benner

Sheet Matériel
A1: Date | B1: Caméra | C1: Chariot | D1: Véhicule | E1: Km Départ | F1: Km Arrivée | G1: Entretien | H1: Panne | I1: Observations
A2: 46175 | B2: IBAK Orpheus 2 | C2: T76.2 | D2: Sprinter 41 | E2: =Inspections!G2 -> 285.995 | F2: =Inspections!H2 -> 286.548 | G2: / | H2: Aucune | I2: /
A3: 46176 | B3: IBAK Orpheus 2 | C3: T76.2 | D3: Sprinter 41 | E3: =Inspections!G3 -> 282.549 | F3: =Inspections!H3 -> 282.836 | G3: / | H3: Aucune | I3: /
A4: 46188 | B4: IBAK Orpheus 2 | C4: T76.2 | D4: Sprinter 41 | E4: =Inspections!G4 -> 13.359 | F4: =Inspections!H4 -> 13.587 | G4: / | H4: Aucune | I4: /
A5: 46189 | B5: IBAK Orpheus 2 | C5: T76.2 | D5: Sprinter 41 | E5: =Inspections!G5 -> 22.512 | F5: =Inspections!H5 -> 22.912 | G5: / | H5: Aucune | I5: /
A6: 46195 | B6: IBAK Orpheus 2 | C6: T76.2 | D6: Sprinter 41 | E6: =Inspections!G6 -> 11.3 | F6: =Inspections!H6 -> 11.621 | G6: Changement des Roues | H6: Aucune | I6: /
A7: 46196 | B7: IBAK Orpheus 2 | C7: T76.2 | D7: Sprinter 41 | E7: =Inspections!G7 -> 11.621 | F7: =Inspections!H7 -> 11.96 | G7: / | H7: Aucune | I7: /
A8: 46197 | B8: IBAK Orpheus 2 | C8: T76.2 | D8: Sprinter 41 | E8: =Inspections!G8 -> 11.96 | F8: =Inspections!H8 -> 12.2 | G8: / | H8: Oui | I8: Problème d'image. Réglé à la prochaine intervention.
A9: 46198 | B9: IBAK Orpheus 2 | C9: T76.2 | D9: Sprinter 41 | E9: =Inspections!G9 -> 12.05 | F9: =Inspections!H9 -> 12.2 | G9: / | H9: Aucune | I9: Carte d'aquisition modifié, car problème d'image.
A10: 46225 | B10: IBAK Orpheus 2 | C10: T76.2 | D10: Sprinter 41 | E10: =Inspections!G10 -> 70.9 | F10: =Inspections!H10 -> 71.224 | G10: / | H10: Aucune | I10: Démontage carte d'aquisition dépoussièrage, vu avec M. BRUTRUEIL.
A11: 46231 | B11: IBAK Orpheus 2 | C11: T76.2 | D11: Sprinter 41 | E11: =Inspections!G11 -> 244.754 | F11: =Inspections!H11 -> 244.806 | G11: / | H11: Aucune | I11: /
E12: =Inspections!G12 -> 0 | F12: =Inspections!H12 -> 0
E13: =Inspections!G13 -> 0 | F13: =Inspections!H13 -> 0
E14: =Inspections!G14 -> 0 | F14: =Inspections!H14 -> 0
E15: =Inspections!G15 -> 0 | F15: =Inspections!H15 -> 0
E16: =Inspections!G16 -> 0 | F16: =Inspections!H16 -> 0
E17: =Inspections!G17 -> 0 | F17: =Inspections!H17 -> 0
E18: =Inspections!G18 -> 0 | F18: =Inspections!H18 -> 0
E19: =Inspections!G19 -> 0 | F19: =Inspections!H19 -> 0
E20: =Inspections!G20 -> 0 | F20: =Inspections!H20 -> 0
E21: =Inspections!G21 -> 0 | F21: =Inspections!H21 -> 0
E22: =Inspections!G22 -> 0 | F22: =Inspections!H22 -> 0
E23: =Inspections!G23 -> 0 | F23: =Inspections!H23 -> 0
... E604: =Inspections!G604 -> 0 | F604: =Inspections!H604 -> 0

Sheet Référentiel
A1: Opérateurs ITV APTE VA | B1: Opérateur Hydrocureur APTE VA | D1: Météo | E1: Heures | F1: Choix Jour | G1: Secteur | H1: Autoroutes | I1: Type | J1: Type de matériau | K1: Urgence | L1: Si objet à recalifié | M1: Etat général des cunettes | P1: Caméra | Q1: Chariot | R1: Véhicules | S1: Panne
K2: Aucune | L2: Non
A3: Hugo D. | B3: Ludovic B. | D3: Beau | E3: 0 | F3: Jour | G3: Midi Toulousain | H3: A61 | I3: CA | J3: Enherbé | K3: Moindre | L3: Cunette revêtue - Béton | M3: Pas de défauts | P3: IBAK Orpheus 2 | Q3: T76.2 | R3: Sprinter 41 | S3: Aucune
A4: Dylan H. | B4: Amadou B. | D4: Pluvieux | E4: =E3+TIME(0,15,0) -> 0.010416667 | F4: Nuit | G4: Garonne | H4: A66 | I4: OH | J4: Métallique | K4: Moyenne | L4: Cunette revêtue - autre matériau | M4: Non évolutif | P4: IBAK Nano | Q4: T66.1 | R4: Citan 55 | S4: Oui
B5: Dylan P. | D5: Nuageux | E5: =E4+TIME(0,15,0) -> 0.020833333 | G5: Agen | H5: A68 | I5: DE | J5: Mixte | K5: Elevée | L5: Cunnette non revêtue | M5: Evolution normale | P5: IBAK Nano L
B6: Exaucé | D6: Orageux | E6: =E5+TIME(0,15,0) -> 0.03125 | G6: Quercy | H6: A62 | J6: Béton | K6: Très elevée | L6: Fossé revêtu - Beton | M6: Défauts majeurs | P6: IBAK Orion 3
B7: Pierre | D7: Neigeux | E7: =E6+TIME(0,15,0) -> 0.041666667 | H7: A20 | J7: Autre | L7: Fossé revêtu - Autre matériau | M7: Non visitable
B8: Tristan | E8: =E7+TIME(0,15,0) -> 0.052083333 | H8: A64 | L8: Fossé non reêtu
B9: Yassine | E9: =E8+TIME(0,15,0) -> 0.0625 | L9: Descente d'eau enterrée
B10: Baptiste | E10: =E9+TIME(0,15,0) -> 0.072916667 | L10: Descente d'eau superficelle
B11: Yohan | E11: =E10+TIME(0,15,0) -> 0.083333333 | L11: Collecteur enterré
E12: =E11+TIME(0,15,0) -> 0.09375 | L12: Caniveau ouvert
E13: =E12+TIME(0,15,0) -> 0.10416667 | L13: Caniveau a fente
E14: =E13+TIME(0,15,0) -> 0.11458333 | L14: Caniveau recouvert
E15: =E14+TIME(0,15,0) -> 0.125 | L15: Caniveau à grille
E16: =E15+TIME(0,15,0) -> 0.13541667
E17: =E16+TIME(0,15,0) -> 0.14583333
E18: =E17+TIME(0,15,0) -> 0.15625
E19: =E18+TIME(0,15,0) -> 0.16666667
E20: =E19+TIME(0,15,0) -> 0.17708333
E21: =E20+TIME(0,15,0) -> 0.1875
E22: =E21+TIME(0,15,0) -> 0.19791667
E23: =E22+TIME(0,15,0) -> 0.20833333
E24: =E23+TIME(0,15,0) -> 0.21875
E25: =E24+TIME(0,15,0) -> 0.22916667
E26: =E25+TIME(0,15,0) -> 0.23958333
E27: =E26+TIME(0,15,0) -> 0.25
... E98: =E97+TIME(0,15,0) -> 0.98958333
