Workbook

Sheet Tableau de bord
B2: TABLEAU DE BORD INSPECTION ITV ASF
B4: Total ML inspectés | C4: =SUM(Inspections!H:H) -> 2518
B5: Nombre interventions | C5: =COUNTA(Inspections!B:B)-1 -> 8
B6: Total regards | C6: =SUM(Inspections!I:I) -> 56
B7: Total heures | C7: =SUM(Inspections!L:L) -> 38.25
B8: ML/h | C8: =C4/C7 -> 65.830065
B9: ML/Interventions | C9: =C4/C5 -> 314.75
B10: Nombre anomalies | C10: =COUNTA('Rapport d''Inspections'!A:A)-1 -> 8
B11: Nombre incidents | C11: =COUNTA(Incidents!A:A)-1 -> 2

Sheet Inspections
A1: N° Inspection | B1: Date | C1: Jour/Nuit | D1: Autoroute | E1: Secteur | F1: PK Départ | G1: PK Arrivée | H1: ML Inspectés | I1: Nb Regards | J1: Heure Début | K1: Heure Fin | L1: Heures Totales | M1: ML/h | N1: Opérateur | O1: Coéquipier | P1: Météo | Q1: Observations
A2: 1 | B2: 46175 | C2: Nuit | D2: A64 | E2: Midi Toulousain | F2: 285.995 | G2: 286.548 | H2: =(G2-F2)*1000 -> 553 | I2: 15 | J2: 0.89583333 | K2: 0.14583333 | L2: =IF(K2<J2,(K2+1-J2)*24,(K2-J2)*24) -> 6 | M2: =IF(L2>0,H2/L2,0) -> 92.166667 | N2: Dylan H. | O2: Dylan P. | P2: Nuageux | Q2: /
A3: =A2+1 -> 2 | B3: 46176 | C3: Nuit | D3: A64 | E3: Midi Toulousain | F3: 282.549 | G3: 282.836 | H3: =(G3-F3)*1000 -> 287 | I3: 8 | J3: 0.020833333 | K3: 0.1875 | L3: =IF(K3<J3,(K3+1-J3)*24,(K3-J3)*24) -> 4 | M3: =IF(L3>0,H3/L3,0) -> 71.75 | N3: Dylan H. | O3: Dylan P. | P3: Nuageux | Q3: /
A4: =A3+1 -> 3 | B4: 46188 | C4: Nuit | D4: A68 | E4: Midi Toulousain | F4: 13.359 | G4: 13.587 | H4: =(G4-F4)*1000 -> 228 | I4: 13 | J4: 0.010416667 | K4: 0.16666667 | L4: =IF(K4<J4,(K4+1-J4)*24,(K4-J4)*24) -> 3.75 | M4: =IF(L4>0,H4/L4,0) -> 60.8 | N4: Hugo D. | O4: Exaucé | P4: Beau | Q4: /
A5: =A4+1 -> 4 | B5: 46189 | C5: Nuit | D5: A68 | E5: Midi Toulousain | F5: 22.512 | G5: 22.912 | H5: =(G5-F5)*1000 -> 400 | I5: 10 | J5: 0.96875 | K5: 0.083333333 | L5: =IF(K5<J5,(K5+1-J5)*24,(K5-J5)*24) -> 2.75 | M5: =IF(L5>0,H5/L5,0) -> 145.45455 | N5: Hugo D. | O5: Exaucé | P5: Beau | Q5: /
A6: =A5+1 -> 5 | B6: 46195 | C6: Nuit | D6: A62 | E6: Garonne | F6: 11.3 | G6: 11.621 | H6: =(G6-F6)*1000 -> 321 | I6: 3 | J6: 0.91666667 | K6: 0.20833333 | L6: =IF(K6<J6,(K6+1-J6)*24,(K6-J6)*24) -> 7 | M6: =IF(L6>0,H6/L6,0) -> 45.857143 | N6: Dylan H. | O6: Ludovic B. | P6: Beau | Q6: /
A7: =A6+1 -> 6 | B7: 46196 | C7: Nuit | D7: A62 | E7: Garonne | F7: 11.621 | G7: 11.96 | H7: =(G7-F7)*1000 -> 339 | I7: 3 | J7: 0.9375 | K7: 0.19791667 | L7: =IF(K7<J7,(K7+1-J7)*24,(K7-J7)*24) -> 6.25 | M7: =IF(L7>0,H7/L7,0) -> 54.24 | N7: Dylan H. | O7: Ludovic B. | P7: Beau | Q7: /
A8: =A7+1 -> 7 | B8: 46197 | C8: Nuit | D8: A62 | E8: Garonne | F8: 11.96 | G8: 12.2 | H8: =(G8-F8)*1000 -> 240 | I8: 2 | J8: 0.90625 | K8: 0.125 | L8: =IF(K8<J8,(K8+1-J8)*24,(K8-J8)*24) -> 5.25 | M8: =IF(L8>0,H8/L8,0) -> 45.714286 | N8: Dylan H. | O8: Ludovic B. | P8: Beau | Q8: /
A9: =A8+1 -> 8 | B9: 46198 | C9: Nuit | D9: A62 | E9: Garonne | F9: 12.05 | G9: 12.2 | H9: =(G9-F9)*1000 -> 150 | I9: 2 | J9: 0.9375 | K9: 0.072916667 | L9: =IF(K9<J9,(K9+1-J9)*24,(K9-J9)*24) -> 3.25 | M9: =IF(L9>0,H9/L9,0) -> 46.153846 | N9: Dylan H. | O9: Ludovic B. | P9: Pluvieux | Q9: /
A10: =A9+1 -> 9 | H10: =(G10-F10)*1000 -> 0 | L10: =IF(K10<J10,(K10+1-J10)*24,(K10-J10)*24) -> 0 | M10: =IF(L10>0,H10/L10,0) -> 0
A11: =A10+1 -> 10 | H11: =(G11-F11)*1000 -> 0 | L11: =IF(K11<J11,(K11+1-J11)*24,(K11-J11)*24) -> 0 | M11: =IF(L11>0,H11/L11,0) -> 0
A12: =A11+1 -> 11 | H12: =(G12-F12)*1000 -> 0 | L12: =IF(K12<J12,(K12+1-J12)*24,(K12-J12)*24) -> 0 | M12: =IF(L12>0,H12/L12,0) -> 0
A13: =A12+1 -> 12 | H13: =(G13-F13)*1000 -> 0 | L13: =IF(K13<J13,(K13+1-J13)*24,(K13-J13)*24) -> 0 | M13: =IF(L13>0,H13/L13,0) -> 0
A14: =A13+1 -> 13 | H14: =(G14-F14)*1000 -> 0 | L14: =IF(K14<J14,(K14+1-J14)*24,(K14-J14)*24) -> 0 | M14: =IF(L14>0,H14/L14,0) -> 0
A15: =A14+1 -> 14 | H15: =(G15-F15)*1000 -> 0 | L15: =IF(K15<J15,(K15+1-J15)*24,(K15-J15)*24) -> 0 | M15: =IF(L15>0,H15/L15,0) -> 0
A16: =A15+1 -> 15 | H16: =(G16-F16)*1000 -> 0 | L16: =IF(K16<J16,(K16+1-J16)*24,(K16-J16)*24) -> 0 | M16: =IF(L16>0,H16/L16,0) -> 0
A17: =A16+1 -> 16 | H17: =(G17-F17)*1000 -> 0 | L17: =IF(K17<J17,(K17+1-J17)*24,(K17-J17)*24) -> 0 | M17: =IF(L17>0,H17/L17,0) -> 0
A18: =A17+1 -> 17 | H18: =(G18-F18)*1000 -> 0 | L18: =IF(K18<J18,(K18+1-J18)*24,(K18-J18)*24) -> 0 | M18: =IF(L18>0,H18/L18,0) -> 0
A19: =A18+1 -> 18 | H19: =(G19-F19)*1000 -> 0 | L19: =IF(K19<J19,(K19+1-J19)*24,(K19-J19)*24) -> 0 | M19: =IF(L19>0,H19/L19,0) -> 0
A20: =A19+1 -> 19 | H20: =(G20-F20)*1000 -> 0 | L20: =IF(K20<J20,(K20+1-J20)*24,(K20-J20)*24) -> 0 | M20: =IF(L20>0,H20/L20,0) -> 0
A21: =A20+1 -> 20 | H21: =(G21-F21)*1000 -> 0 | L21: =IF(K21<J21,(K21+1-J21)*24,(K21-J21)*24) -> 0 | M21: =IF(L21>0,H21/L21,0) -> 0
... A1000: =A999+1 -> 999 | H1000: =(G1000-F1000)*1000 -> 0 | L1000: =IF(K1000<J1000,(K1000+1-J1000)*24,(K1000-J1000)*24) -> 0 | M1000: =IF(L1000>0,H1000/L1000,0) -> 0
H1001: =(G1001-F1001)*1000 -> 0 | L1001: =IF(K1001<J1001,(K1001+1-J1001)*24,(K1001-J1001)*24) -> 0 | M1001: =IF(L1001>0,H1001/L1001,0) -> 0
H1002: =(G1002-F1002)*1000 -> 0 | L1002: =IF(K1002<J1002,(K1002+1-J1002)*24,(K1002-J1002)*24) -> 0 | M1002: =IF(L1002>0,H1002/L1002,0) -> 0
H1003: =(G1003-F1003)*1000 -> 0 | L1003: =IF(K1003<J1003,(K1003+1-J1003)*24,(K1003-J1003)*24) -> 0 | M1003: =IF(L1003>0,H1003/L1003,0) -> 0
H1004: =(G1004-F1004)*1000 -> 0 | L1004: =IF(K1004<J1004,(K1004+1-J1004)*24,(K1004-J1004)*24) -> 0 | M1004: =IF(L1004>0,H1004/L1004,0) -> 0

Sheet Rapport d'Inspections
A1: Date | B1: Identifiant | C1: N° Inspection | D1: Prestataire | E1: Inspecteur | F1: Autoroute | G1: Type | H1: Secteur | I1: Sens | J1: Emplacement | K1: Type de matériau | L1: Latitude | M1: Longitude | N1: Lien Maps | O1: Si objet à requalifié | P1: Etat général des cunettes | Q1: Type | R1: Urgence | S1: Description | T1: Photo | U1: Statut
A2: 46175 | B2: 30747 | C2: 1 | D2: Bovo & Fils | E2: Dylan H. | F2: A64 | G2: OH | H2: Midi Toulousain | I2: Muret > Toulouse | J2: / | K2: Béton | L2: / | M2: / | N2: / | O2: Non | P2: Pas de défauts | Q2: / | R2: Aucune | S2: / | T2: / | U2: En service
A3: 46176 | B3: 15361 | C3: 2 | D3: Bovo & Fils | E3: Dylan H. | F3: A64 | G3: CA | H3: Midi Toulousain | I3: Toulouse > Muret | J3: / | K3: Béton | L3: / | M3: / | N3: / | O3: Non | P3: Pas de défauts | Q3: / | R3: Aucune | S3: / | T3: / | U3: En service
A4: 46188 | B4: 61849 | C4: 3 | D4: Bovo & Fils | E4: Hugo D. | F4: A68 | G4: OH | H4: Midi Toulousain | K4: Béton | U4: En service
A5: 46189 | B5: 61842 | C5: 4 | D5: Bovo & Fils | E5: Hugo D. | F5: A68 | G5: OH | H5: Midi Toulousain | K5: Béton | U5: En service
A6: 46195 | B6: 43854 | C6: 5 | D6: Bovo & Fils | E6: Dylan H. | F6: A62 | G6: CA | H6: Garonne | I6: Bx > Toulouse | J6: 11.526 | K6: Béton | L6: 44°40'51.8"N | M6: 0°29'17.6"W | N6: https://maps.app.goo.gl/o18iBEdgzb7W2bdY9?g_st=ic | O6: Caniveau a fente | P6: Non évolutif | Q6: Déformation du Radier | R6: Moindre | S6: Le défaut n'afflue que pour les inspections | T6: / | U6: En service
A7: 46196 | B7: 43854 | C7: 6 | D7: Bovo & Fils | E7: Dylan H. | F7: A62 | G7: CA | H7: Garonne | I7: Bx > Toulouse | J7: / | K7: Béton | L7: / | M7: / | N7: / | O7: Non | P7: Pas de défauts | Q7: / | R7: Aucune | S7: / | U7: En service
A8: 46197 | B8: 43854 | C8: 7 | D8: Bovo & Fils | E8: Dylan H. | F8: A62 | G8: CA | H8: Garonne | I8: Bx > Toulouse | J8: / | K8: Béton | L8: / | M8: / | N8: / | O8: Non | P8: Pas de défauts | Q8: / | R8: Aucune | S8: / | T8: / | U8: En service
A9: 46198 | B9: 43852 | C9: 8 | D9: Bovo & Fils | E9: Dylan H. | F9: A62 | G9: CA | H9: Garonne | I9: Toulouse > Bx | J9: / | K9: Béton | L9: / | M9: / | N9: / | O9: Non | P9: Pas de défauts | Q9: / | R9: Aucune | S9: / | T9: / | U9: En service
D10: Bovo & Fils | U10: En service
D11: Bovo & Fils | U11: En service
D12: Bovo & Fils | U12: En service
D13: Bovo & Fils | U13: En service
D14: Bovo & Fils | U14: En service
D15: Bovo & Fils | U15: En service
D16: Bovo & Fils | U16: En service
D17: Bovo & Fils | U17: En service
D18: Bovo & Fils | U18: En service
D19: Bovo & Fils | U19: En service
D20: Bovo & Fils | U20: En service
D21: Bovo & Fils | U21: En service
... D42: Bovo & Fils | U42: En service
U43: En service
U44: En service
U45: En service
U46: En service
U47: En service
U48: En service
U49: En service
U50: En service
U51: En service
U52: En service
U53: En service
U54: En service
... U103: En service

Sheet Incidents
A1: Date | B1: Autoroute | C1: PK | D1: Type Incident | E1: Description | F1: Impact | G1: Action prise
A2: 46195 | B2: A62 | C2: 11.556 | D2: Caméra n'avance plus | E2: Bas du radier déformer | F2: Aucun | G2: Décalé le chariot
A3: 46197 | B3: A62 | C3: 12.2 | D3: Recycleur plein | E3: Benne du recycleur plein de sable | F3: Arrêt du chantier | G3: Rentrer benner

Sheet Matériel
A1: Date | B1: Caméra | C1: Chariot | D1: Véhicule | E1: Km Départ | F1: Km Arrivée | G1: Entretien | H1: Panne | I1: Observations
A2: 46175 | B2: IBAK Orpheus 2 | C2: T76.2 | D2: Sprinter 41 | E2: =Inspections!F2 -> 285.995 | F2: =Inspections!G2 -> 286.548 | G2: / | H2: Aucune | I2: /
A3: 46176 | B3: IBAK Orpheus 2 | C3: T76.2 | D3: Sprinter 41 | E3: =Inspections!F3 -> 282.549 | F3: =Inspections!G3 -> 282.836 | G3: / | H3: Aucune | I3: /
A4: 46188 | B4: IBAK Orpheus 2 | C4: T76.2 | D4: Sprinter 41 | E4: =Inspections!F4 -> 13.359 | F4: =Inspections!G4 -> 13.587 | G4: / | H4: Aucune | I4: /
A5: 46189 | B5: IBAK Orpheus 2 | C5: T76.2 | D5: Sprinter 41 | E5: =Inspections!F5 -> 22.512 | F5: =Inspections!G5 -> 22.912 | G5: / | H5: Aucune | I5: /
A6: 46195 | B6: IBAK Orpheus 2 | C6: T76.2 | D6: Sprinter 41 | E6: =Inspections!F6 -> 11.3 | F6: =Inspections!G6 -> 11.621 | G6: Changement des Roues | H6: Aucune | I6: /
A7: 46196 | B7: IBAK Orpheus 2 | C7: T76.2 | D7: Sprinter 41 | E7: =Inspections!F7 -> 11.621 | F7: =Inspections!G7 -> 11.96 | G7: / | H7: Aucune | I7: /
A8: 46197 | B8: IBAK Orpheus 2 | C8: T76.2 | D8: Sprinter 41 | E8: =Inspections!F8 -> 11.96 | F8: =Inspections!G8 -> 12.2 | G8: / | H8: Oui | I8: Problème d'image. Réglé à la prochaine intervention.
A9: 46198 | B9: IBAK Orpheus 2 | C9: T76.2 | D9: Sprinter 41 | E9: =Inspections!F9 -> 12.05 | F9: =Inspections!G9 -> 12.2 | G9: / | H9: Aucune | I9: Carte d'aquisition modifié, car problème d'image.
E10: =Inspections!F10 -> 0 | F10: =Inspections!G10 -> 0
E11: =Inspections!F11 -> 0 | F11: =Inspections!G11 -> 0
E12: =Inspections!F12 -> 0 | F12: =Inspections!G12 -> 0
E13: =Inspections!F13 -> 0 | F13: =Inspections!G13 -> 0
E14: =Inspections!F14 -> 0 | F14: =Inspections!G14 -> 0
E15: =Inspections!F15 -> 0 | F15: =Inspections!G15 -> 0
E16: =Inspections!F16 -> 0 | F16: =Inspections!G16 -> 0
E17: =Inspections!F17 -> 0 | F17: =Inspections!G17 -> 0
E18: =Inspections!F18 -> 0 | F18: =Inspections!G18 -> 0
E19: =Inspections!F19 -> 0 | F19: =Inspections!G19 -> 0
E20: =Inspections!F20 -> 0 | F20: =Inspections!G20 -> 0
E21: =Inspections!F21 -> 0 | F21: =Inspections!G21 -> 0
... E604: =Inspections!F604 -> 0 | F604: =Inspections!G604 -> 0

Sheet Référentiel
A1: Opérateurs ITV APTE VA | B1: Opérateur Hydrocureur APTE VA | D1: Météo | E1: Heures | F1: Choix Jour | G1: Secteur | H1: Autoroutes | I1: Type | J1: Type de matériau | K1: Urgence | L1: Si objet à recalifié | M1: Etat général des cunettes | P1: Caméra | Q1: Chariot | R1: Véhicules | S1: Panne
K2: Aucune | L2: Non
A3: Hugo D. | B3: Ludovic B. | D3: Beau | E3: 0 | F3: Jour | G3: Midi Toulousain | H3: A61 | I3: CA | J3: Enherbé | K3: Moindre | L3: Cunette revêtue - Béton | M3: Pas de défauts | P3: IBAK Orpheus 2 | Q3: T76.2 | R3: Sprinter 41 | S3: Aucune
A4: Dylan H. | B4: Amadou B. | D4: Pluvieux | E4: =E3+TIME(0,15,0) -> 0.010416667 | F4: Nuit | G4: Garonne | H4: A66 | I4: OH | J4: Métallique | K4: Moyenne | L4: Cunette revêtue - autre matériau | M4: Non évolutif | P4: IBAK Nano | Q4: T66.1 | R4: Citan 55 | S4: Oui
B5: Dylan P. | D5: Nuageux | E5: =E4+TIME(0,15,0) -> 0.020833333 | G5: Agen | H5: A68 | I5: DE | J5: Mixte | K5: Elevée | L5: Cunnette non revêtue | M5: Evolution normale | P5: IBAK Nano L
B6: Exaucé | D6: Orageux | E6: =E5+TIME(0,15,0) -> 0.03125 | G6: Quercy | H6: A62 | J6: Béton | K6: Très elevée | L6: Fossé revêtu - Beton | M6: Défauts majeurs | P6: IBAK Orion 3
B7: Pierre | D7: Neigeux | E7: =E6+TIME(0,15,0) -> 0.041666667 | H7: A20 | J7: Autre | L7: Fossé revêtu - Autre matériau | M7: Non visitable
B8: Tristan | E8: =E7+TIME(0,15,0) -> 0.052083333 | H8: A64 | L8: Fossé non reêtu
B9: Yassine | E9: =E8+TIME(0,15,0) -> 0.0625 | L9: Descente d'eau enterrée
B10: Baptiste | E10: =E9+TIME(0,15,0) -> 0.072916667 | L10: Descente d'eau superficelle
B11: Yohan | E11: =E10+TIME(0,15,0) -> 0.083333333 | L11: Collecteur enterré
E12: =E11+TIME(0,15,0) -> 0.09375 | L12: Caniveau ouvert
E13: =E12+TIME(0,15,0) -> 0.10416667 | L13: Caniveau a fente
E14: =E13+TIME(0,15,0) -> 0.11458333 | L14: Caniveau recouvert
E15: =E14+TIME(0,15,0) -> 0.125 | L15: Caniveau à grille
E16: =E15+TIME(0,15,0) -> 0.13541667
E17: =E16+TIME(0,15,0) -> 0.14583333
E18: =E17+TIME(0,15,0) -> 0.15625
E19: =E18+TIME(0,15,0) -> 0.16666667
E20: =E19+TIME(0,15,0) -> 0.17708333
E21: =E20+TIME(0,15,0) -> 0.1875
E22: =E21+TIME(0,15,0) -> 0.19791667
E23: =E22+TIME(0,15,0) -> 0.20833333
E24: =E23+TIME(0,15,0) -> 0.21875
E25: =E24+TIME(0,15,0) -> 0.22916667
E26: =E25+TIME(0,15,0) -> 0.23958333
E27: =E26+TIME(0,15,0) -> 0.25
... E98: =E97+TIME(0,15,0) -> 0.98958333
